timestamp,process,protocol,local,remote,remote_host,status
2026-03-30 14:55:54,APSDaemon.exe,TCP,192.168.1.101:65353,17.249.252.4:5223,-,ESTABLISHED
2026-03-30 14:55:54,Code.exe,TCP,192.168.1.101:63247,13.89.179.10:443,-,ESTABLISHED
2026-03-30 14:55:54,MEGAsync.exe,TCP,192.168.1.101:62590,185.206.25.62:443,-,ESTABLISHED
2026-03-30 14:55:54,MEGAsync.exe,TCP,192.168.1.101:62236,185.206.25.65:443,-,ESTABLISHED
2026-03-30 14:55:54,MEGAsync.exe,TCP,192.168.1.101:64794,66.203.125.12:443,-,ESTABLISHED
2026-03-30 14:55:54,MEGAsync.exe,TCP,192.168.1.101:49667,66.203.125.15:443,-,ESTABLISHED
2026-03-30 14:56:07,MEGAsync.exe,TCP,192.168.1.101:50398,66.203.125.28:443,-,ESTABLISHED
2026-03-30 14:56:15,Code.exe,TCP,192.168.1.101:52739,20.42.65.90:443,-,ESTABLISHED
2026-03-30 14:56:15,MEGAsync.exe,TCP,192.168.1.101:52741,185.206.25.64:443,-,ESTABLISHED
2026-03-30 14:56:39,Code.exe,TCP,192.168.1.101:49670,20.42.65.90:443,-,ESTABLISHED
2026-03-30 14:56:47,MEGAsync.exe,TCP,192.168.1.101:49667,66.203.125.15:443,-,ESTABLISHED
2026-03-30 14:56:55,Code.exe,TCP,192.168.1.101:52649,169.254.169.254:80,-,SYN_SENT
2026-03-30 14:56:55,Code.exe,TCP,192.168.1.101:52648,20.42.65.90:443,-,ESTABLISHED
2026-03-30 14:56:55,MEGAsync.exe,TCP,192.168.1.101:49983,185.206.25.63:443,-,ESTABLISHED
2026-03-30 14:57:03,MEGAsync.exe,TCP,192.168.1.101:62236,185.206.25.65:443,-,ESTABLISHED
2026-03-30 14:57:03,MEGAsync.exe,TCP,192.168.1.101:64794,66.203.125.12:443,-,ESTABLISHED
2026-03-30 14:57:11,Code.exe,TCP,192.168.1.101:59680,20.42.65.90:443,-,ESTABLISHED
2026-03-30 14:57:19,MEGAsync.exe,TCP,192.168.1.101:64794,66.203.125.12:443,-,ESTABLISHED
2026-03-30 14:58:15,Code.exe,TCP,192.168.1.101:50558,40.79.150.122:443,-,ESTABLISHED
2026-03-30 14:58:23,MEGAsync.exe,TCP,192.168.1.101:59090,185.206.25.61:443,-,ESTABLISHED
2026-03-30 14:58:23,MEGAsync.exe,TCP,192.168.1.101:64794,66.203.125.12:443,-,ESTABLISHED
2026-03-30 14:58:39,MEGAsync.exe,TCP,192.168.1.101:49745,185.206.25.60:443,-,ESTABLISHED
2026-03-30 14:58:55,Code.exe,TCP,192.168.1.101:54175,40.79.150.122:443,-,ESTABLISHED
2026-03-30 14:59:19,MEGAsync.exe,TCP,192.168.1.101:64794,66.203.125.12:443,-,ESTABLISHED
2026-03-30 14:59:27,MEGAsync.exe,TCP,192.168.1.101:58212,185.206.25.62:443,-,ESTABLISHED
2026-03-30 15:00:01,Code.exe,TCP,192.168.1.101:64789,150.171.110.36:443,-,ESTABLISHED
2026-03-30 15:00:01,Code.exe,TCP,192.168.1.101:55097,150.171.110.36:443,-,ESTABLISHED
2026-03-30 15:00:07,Code.exe,TCP,192.168.1.101:64789,150.171.110.36:443,-,CLOSE_WAIT
2026-03-30 15:00:31,Code.exe,TCP,192.168.1.101:51369,40.71.11.167:443,-,ESTABLISHED
2026-03-30 15:00:39,BackgroundDownload.exe,TCP,192.168.1.101:63655,13.107.5.93:443,-,ESTABLISHED
2026-03-30 15:00:39,BackgroundDownload.exe,TCP,192.168.1.101:63659,20.42.128.98:443,-,ESTABLISHED
2026-03-30 15:00:39,BackgroundDownload.exe,TCP,192.168.1.101:63660,23.13.218.36:443,-,ESTABLISHED
2026-03-30 15:00:39,BackgroundDownload.exe,TCP,192.168.1.101:63657,23.13.218.46:443,-,ESTABLISHED
2026-03-30 15:00:39,BackgroundDownload.exe,TCP,192.168.1.101:63658,23.13.218.46:443,-,ESTABLISHED
2026-03-30 15:00:47,Code.exe,TCP,192.168.1.101:64789,150.171.110.36:443,-,CLOSE_WAIT
2026-03-30 15:00:47,Code.exe,TCP,192.168.1.101:55097,150.171.110.36:443,-,ESTABLISHED
2026-03-30 15:00:47,Code.exe,TCP,192.168.1.101:51369,40.71.11.167:443,-,ESTABLISHED
2026-03-30 15:00:47,Code.exe,TCP,192.168.1.101:54175,40.79.150.122:443,-,ESTABLISHED
2026-03-30 15:00:47,MEGAsync.exe,TCP,192.168.1.101:49745,185.206.25.60:443,-,ESTABLISHED
2026-03-30 15:00:55,Code.exe,TCP,192.168.1.101:63665,140.82.113.21:443,-,ESTABLISHED
2026-03-30 15:01:03,MEGAsync.exe,TCP,192.168.1.101:59090,185.206.25.61:443,-,ESTABLISHED
2026-03-30 15:01:35,MEGAsync.exe,TCP,192.168.1.101:58212,185.206.25.62:443,-,ESTABLISHED
2026-03-30 15:01:43,EXCEL.EXE,TCP,192.168.1.101:55467,40.79.150.121:443,-,ESTABLISHED
2026-03-30 15:02:07,MEGAsync.exe,TCP,192.168.1.101:63662,185.206.25.64:443,-,ESTABLISHED
2026-03-30 15:02:07,MEGAsync.exe,TCP,192.168.1.101:58214,185.206.25.65:443,-,ESTABLISHED
2026-03-30 15:02:15,Code.exe,TCP,192.168.1.101:54424,52.182.143.209:443,-,ESTABLISHED
2026-03-30 15:02:23,MEGAsync.exe,TCP,192.168.1.101:58214,185.206.25.65:443,-,ESTABLISHED
2026-03-30 15:02:39,MEGAsync.exe,TCP,192.168.1.101:54429,185.206.25.60:443,-,ESTABLISHED
2026-03-30 15:02:47,MEGAsync.exe,TCP,192.168.1.101:53355,185.206.25.63:443,-,ESTABLISHED
2026-03-30 15:02:55,MEGAsync.exe,TCP,192.168.1.101:63662,185.206.25.64:443,-,ESTABLISHED
2026-03-30 15:03:11,Code.exe,TCP,192.168.1.101:54425,52.182.143.209:443,-,ESTABLISHED
2026-03-30 15:03:19,Code.exe,TCP,192.168.1.101:57436,20.42.73.24:443,-,ESTABLISHED
2026-03-30 15:03:35,MEGAsync.exe,TCP,192.168.1.101:58214,185.206.25.65:443,-,ESTABLISHED
2026-03-30 15:04:01,Code.exe,TCP,192.168.1.101:54555,140.82.114.22:443,-,ESTABLISHED
2026-03-30 15:04:07,MEGAsync.exe,TCP,192.168.1.101:58214,185.206.25.65:443,-,ESTABLISHED
2026-03-30 15:05:03,Code.exe,TCP,192.168.1.101:53151,150.171.110.33:443,-,ESTABLISHED
2026-03-30 15:05:03,Code.exe,TCP,192.168.1.101:54242,150.171.110.33:443,-,ESTABLISHED
2026-03-30 15:05:11,Code.exe,TCP,192.168.1.101:53151,150.171.110.33:443,-,CLOSE_WAIT
2026-03-30 15:05:27,MEGAsync.exe,TCP,192.168.1.101:56239,185.206.25.63:443,-,ESTABLISHED
2026-03-30 15:05:27,MEGAsync.exe,TCP,192.168.1.101:58214,185.206.25.65:443,-,ESTABLISHED
2026-03-30 15:05:51,MEGAsync.exe,TCP,192.168.1.101:64794,66.203.125.12:443,-,ESTABLISHED
2026-03-30 15:06:01,MEGAsync.exe,TCP,192.168.1.101:62564,185.206.25.64:443,-,SYN_SENT
2026-03-30 15:06:07,MEGAsync.exe,TCP,192.168.1.101:62566,185.206.25.60:443,-,ESTABLISHED
2026-03-30 15:06:07,MEGAsync.exe,TCP,192.168.1.101:62564,185.206.25.64:443,-,ESTABLISHED
2026-03-30 15:06:31,MEGAsync.exe,TCP,192.168.1.101:62568,185.206.25.65:443,-,ESTABLISHED
2026-03-30 15:07:48,Code.exe,TCP,192.168.1.101:51729,40.71.11.167:443,-,ESTABLISHED
2026-03-30 15:08:09,MEGAsync.exe,TCP,192.168.1.101:51743,185.206.25.64:443,-,ESTABLISHED
2026-03-30 15:08:09,MEGAsync.exe,TCP,192.168.1.101:62568,185.206.25.65:443,-,ESTABLISHED
2026-03-30 15:08:09,MEGAsync.exe,TCP,192.168.1.101:64794,66.203.125.12:443,-,ESTABLISHED
2026-03-30 15:09:51,Code.exe,TCP,192.168.1.101:51729,40.71.11.167:443,-,CLOSE_WAIT
2026-03-30 15:10:07,Code.exe,TCP,192.168.1.101:53691,150.171.110.39:443,-,ESTABLISHED
2026-03-30 15:10:07,Code.exe,TCP,192.168.1.101:62279,150.171.110.39:443,-,CLOSE_WAIT
2026-03-30 15:10:07,MEGAsync.exe,TCP,192.168.1.101:62281,185.206.25.61:443,-,ESTABLISHED
2026-03-30 15:10:17,MEGAsync.exe,TCP,192.168.1.101:62284,185.206.25.64:443,-,ESTABLISHED
2026-03-30 15:10:23,Code.exe,TCP,192.168.1.101:62287,140.82.113.22:443,-,ESTABLISHED
2026-03-30 15:10:31,MEGAsync.exe,TCP,192.168.1.101:62286,185.206.25.63:443,-,ESTABLISHED
2026-03-30 15:10:55,Code.exe,TCP,192.168.1.101:58635,40.71.11.167:443,-,ESTABLISHED
2026-03-30 15:11:35,MEGAsync.exe,TCP,192.168.1.101:62284,185.206.25.64:443,-,ESTABLISHED
2026-03-30 15:12:31,Code.exe,TCP,192.168.1.101:50247,52.182.143.211:443,-,ESTABLISHED
2026-03-30 15:12:31,MEGAsync.exe,TCP,192.168.1.101:60917,185.206.25.65:443,-,ESTABLISHED
2026-03-30 15:12:47,Code.exe,TCP,192.168.1.101:51846,52.182.143.211:443,-,ESTABLISHED
2026-03-30 15:12:47,MEGAsync.exe,TCP,192.168.1.101:64794,66.203.125.12:443,-,ESTABLISHED
2026-03-30 15:12:47,MEGAsync.exe,TCP,192.168.1.101:49667,66.203.125.15:443,-,ESTABLISHED
2026-03-30 15:13:19,Code.exe,TCP,192.168.1.101:53279,140.82.112.22:443,-,ESTABLISHED
2026-03-30 15:13:19,Code.exe,TCP,192.168.1.101:57438,169.254.169.254:80,-,SYN_SENT
2026-03-30 15:13:19,Code.exe,TCP,192.168.1.101:58481,4.228.31.153:443,-,ESTABLISHED
2026-03-30 15:13:27,Code.exe,TCP,192.168.1.101:65169,52.182.143.211:443,-,ESTABLISHED
2026-03-30 15:14:07,MEGAsync.exe,TCP,192.168.1.101:57770,185.206.25.65:443,-,ESTABLISHED
2026-03-30 15:14:44,APSDaemon.exe,TCP,192.168.1.101:65353,17.249.252.4:5223,-,ESTABLISHED
2026-03-30 15:14:44,Code.exe,TCP,192.168.1.101:53279,140.82.112.22:443,-,ESTABLISHED
2026-03-30 15:14:44,Code.exe,TCP,192.168.1.101:58481,4.228.31.153:443,-,ESTABLISHED
2026-03-30 15:14:44,Code.exe,TCP,192.168.1.101:58028,40.71.11.167:443,-,ESTABLISHED
2026-03-30 15:14:44,Code.exe,TCP,192.168.1.101:65169,52.182.143.211:443,-,ESTABLISHED
2026-03-30 15:14:44,EXCEL.EXE,TCP,192.168.1.101:57771,51.104.15.253:443,-,ESTABLISHED
2026-03-30 15:14:48,Code.exe,TCP,192.168.1.101:49737,13.107.5.93:443,-,ESTABLISHED
2026-03-30 15:14:48,Code.exe,TCP,192.168.1.101:49736,13.107.5.93:443,-,ESTABLISHED
2026-03-30 15:14:56,EXCEL.EXE,TCP,192.168.1.101:57771,51.104.15.253:443,-,ESTABLISHED
2026-03-30 15:14:56,MEGAsync.exe,TCP,192.168.1.101:62284,185.206.25.64:443,-,ESTABLISHED
2026-03-30 15:14:56,MEGAsync.exe,TCP,192.168.1.101:57770,185.206.25.65:443,-,ESTABLISHED
2026-03-30 15:14:56,MEGAsync.exe,TCP,192.168.1.101:64794,66.203.125.12:443,-,ESTABLISHED
2026-03-30 15:14:56,MEGAsync.exe,TCP,192.168.1.101:49667,66.203.125.15:443,-,ESTABLISHED
2026-03-30 15:15:04,Code.exe,TCP,192.168.1.101:50200,150.171.110.37:443,-,ESTABLISHED
2026-03-30 15:15:04,Code.exe,TCP,192.168.1.101:52010,150.171.110.37:443,-,ESTABLISHED
2026-03-30 15:15:04,Code.exe,TCP,192.168.1.101:60677,20.189.173.9:443,-,ESTABLISHED
2026-03-30 15:15:19,MEGAsync.exe,TCP,192.168.1.101:57770,185.206.25.65:443,-,ESTABLISHED
2026-03-30 15:15:19,MEGAsync.exe,TCP,192.168.1.101:64794,66.203.125.12:443,-,ESTABLISHED
2026-03-30 15:15:19,MEGAsync.exe,TCP,192.168.1.101:49667,66.203.125.15:443,-,ESTABLISHED
2026-03-30 15:15:28,Code.exe,TCP,192.168.1.101:50958,20.189.173.9:443,-,ESTABLISHED
2026-03-30 15:15:28,Code.exe,TCP,192.168.1.101:53713,40.71.11.167:443,-,ESTABLISHED
2026-03-30 15:15:28,MEGAsync.exe,TCP,192.168.1.101:50960,185.206.25.60:443,-,ESTABLISHED
2026-03-30 15:15:36,MEGAsync.exe,TCP,192.168.1.101:57770,185.206.25.65:443,-,ESTABLISHED
2026-03-30 15:15:36,MEGAsync.exe,TCP,192.168.1.101:64794,66.203.125.12:443,-,ESTABLISHED
2026-03-30 15:15:52,Code.exe,TCP,192.168.1.101:61534,140.82.112.22:443,-,ESTABLISHED
2026-03-30 15:15:52,Code.exe,TCP,192.168.1.101:50113,20.189.173.9:443,-,ESTABLISHED
2026-03-30 15:16:00,MEGAsync.exe,TCP,192.168.1.101:57770,185.206.25.65:443,-,ESTABLISHED
2026-03-30 15:16:16,Code.exe,TCP,192.168.1.101:51577,52.168.117.174:443,-,ESTABLISHED
2026-03-30 15:16:24,MEGAsync.exe,TCP,192.168.1.101:64794,66.203.125.12:443,-,ESTABLISHED
2026-03-30 15:16:32,Code.exe,TCP,192.168.1.101:57564,52.168.117.174:443,-,ESTABLISHED
2026-03-30 15:16:32,MEGAsync.exe,TCP,192.168.1.101:59824,185.206.25.62:443,-,ESTABLISHED
2026-03-30 15:16:32,MEGAsync.exe,TCP,192.168.1.101:59825,185.206.25.62:443,-,ESTABLISHED
2026-03-30 15:16:40,Code.exe,TCP,192.168.1.101:51866,140.82.112.22:443,-,ESTABLISHED
2026-03-30 15:16:40,MEGAsync.exe,TCP,192.168.1.101:60304,185.206.25.61:443,-,ESTABLISHED
2026-03-30 15:16:40,MEGAsync.exe,TCP,192.168.1.101:60300,185.206.25.61:443,-,ESTABLISHED
2026-03-30 15:16:51,Code.exe,TCP,192.168.1.101:59659,52.168.117.174:443,-,ESTABLISHED
2026-03-30 15:17:17,APSDaemon.exe,TCP,192.168.1.101:65353,17.249.252.4:5223,-,ESTABLISHED
2026-03-30 15:17:17,Code.exe,TCP,192.168.1.101:54399,52.168.117.174:443,-,ESTABLISHED
2026-03-30 15:17:17,MEGAsync.exe,TCP,192.168.1.101:50960,185.206.25.60:443,-,ESTABLISHED
2026-03-30 15:17:17,MEGAsync.exe,TCP,192.168.1.101:60300,185.206.25.61:443,-,ESTABLISHED
2026-03-30 15:17:17,MEGAsync.exe,TCP,192.168.1.101:60304,185.206.25.61:443,-,ESTABLISHED
2026-03-30 15:17:17,MEGAsync.exe,TCP,192.168.1.101:59825,185.206.25.62:443,-,ESTABLISHED
2026-03-30 15:17:22,MEGAsync.exe,TCP,192.168.1.101:59824,185.206.25.62:443,-,ESTABLISHED
2026-03-30 15:21:40,APSDaemon.exe,TCP,192.168.1.101:65353,17.249.252.4:5223,-,ESTABLISHED
2026-03-30 15:21:40,Code.exe,TCP,192.168.1.101:53671,140.82.112.22:443,-,ESTABLISHED
2026-03-30 15:21:40,MEGAsync.exe,TCP,192.168.1.101:53664,185.206.25.64:443,-,ESTABLISHED
2026-03-30 15:21:40,MEGAsync.exe,TCP,192.168.1.101:64794,66.203.125.12:443,-,ESTABLISHED
2026-03-30 15:21:40,MEGAsync.exe,TCP,192.168.1.101:49667,66.203.125.15:443,-,ESTABLISHED
2026-03-30 15:21:40,MEGAsync.exe,TCP,192.168.1.101:50213,66.203.125.28:443,-,ESTABLISHED
2026-03-30 15:21:44,Spotify.exe,TCP,192.168.1.101:59766,104.199.65.9:443,-,ESTABLISHED
2026-03-30 15:21:52,MEGAsync.exe,TCP,192.168.1.101:53673,185.206.25.65:443,-,ESTABLISHED
2026-03-30 15:22:00,Code.exe,TCP,192.168.1.101:56698,104.208.16.89:443,-,ESTABLISHED
2026-03-30 15:22:00,Code.exe,TCP,192.168.1.101:59738,40.71.11.167:443,-,ESTABLISHED
2026-03-30 15:22:40,MEGAsync.exe,TCP,192.168.1.101:49667,66.203.125.15:443,-,ESTABLISHED
2026-03-30 15:22:40,MEGAsync.exe,TCP,192.168.1.101:50213,66.203.125.28:443,-,ESTABLISHED
2026-03-30 15:22:48,Code.exe,TCP,192.168.1.101:58998,104.208.16.89:443,-,ESTABLISHED
2026-03-30 15:22:56,Code.exe,TCP,192.168.1.101:62216,40.79.141.153:443,-,ESTABLISHED
2026-03-30 15:23:04,MEGAsync.exe,TCP,192.168.1.101:55435,185.206.25.61:443,-,SYN_SENT
2026-03-30 15:23:04,MEGAsync.exe,TCP,2804:426c:1b00:2f7c:a45f:39eb:ab82:107a:55434,2a0b:e41:1::61:443,-,SYN_SENT
2026-03-30 15:23:12,MEGAsync.exe,TCP,192.168.1.101:55435,185.206.25.61:443,-,ESTABLISHED
2026-03-30 15:23:12,MEGAsync.exe,TCP,192.168.1.101:49667,66.203.125.15:443,-,ESTABLISHED
2026-03-30 15:23:20,Code.exe,TCP,192.168.1.101:59296,40.79.141.153:443,-,ESTABLISHED
2026-03-30 15:23:28,Code.exe,TCP,192.168.1.101:54778,40.71.11.167:443,-,ESTABLISHED
2026-03-30 15:23:36,MEGAsync.exe,TCP,192.168.1.101:64794,66.203.125.12:443,-,ESTABLISHED
2026-03-30 15:23:36,MEGAsync.exe,TCP,192.168.1.101:49667,66.203.125.15:443,-,ESTABLISHED
2026-03-30 15:23:52,Code.exe,TCP,192.168.1.101:58728,40.79.141.153:443,-,ESTABLISHED
2026-03-30 15:24:08,Code.exe,TCP,192.168.1.101:56900,140.82.112.21:443,-,ESTABLISHED
2026-03-30 15:26:11,APSDaemon.exe,TCP,192.168.1.101:65353,17.249.252.4:5223,-,ESTABLISHED
2026-03-30 15:26:11,MEGAsync.exe,TCP,192.168.1.101:53664,185.206.25.64:443,-,ESTABLISHED
2026-03-30 15:26:11,MEGAsync.exe,TCP,192.168.1.101:53673,185.206.25.65:443,-,ESTABLISHED
2026-03-30 15:26:11,MEGAsync.exe,TCP,192.168.1.101:56908,185.206.25.65:443,-,ESTABLISHED
2026-03-30 15:26:11,MEGAsync.exe,TCP,192.168.1.101:56909,185.206.25.65:443,-,ESTABLISHED
2026-03-30 15:26:11,MEGAsync.exe,TCP,192.168.1.101:56905,66.203.125.11:443,-,ESTABLISHED
2026-03-30 15:26:11,MEGAsync.exe,TCP,192.168.1.101:64794,66.203.125.12:443,-,ESTABLISHED
2026-03-30 15:26:11,MEGAsync.exe,TCP,192.168.1.101:49667,66.203.125.15:443,-,ESTABLISHED
2026-03-30 15:26:11,MEGAsync.exe,TCP,192.168.1.101:50213,66.203.125.28:443,-,ESTABLISHED
2026-03-30 15:26:11,Spotify.exe,TCP,192.168.1.101:59766,104.199.65.9:443,-,ESTABLISHED
2026-03-30 15:26:11,Spotify.exe,TCP,192.168.1.101:62170,172.217.192.188:5228,-,ESTABLISHED
2026-03-30 15:26:11,Spotify.exe,TCP,192.168.1.101:59767,35.186.224.38:443,-,ESTABLISHED
2026-03-30 15:26:15,Code.exe,TCP,192.168.1.101:49226,51.116.253.169:443,-,ESTABLISHED
2026-03-30 15:26:19,Spotify.exe,TCP,192.168.1.101:59767,35.186.224.38:443,-,ESTABLISHED
2026-03-30 15:26:23,MEGAsync.exe,TCP,192.168.1.101:49229,185.206.25.61:443,-,ESTABLISHED
2026-03-30 15:26:23,MEGAsync.exe,TCP,192.168.1.101:49228,66.203.127.11:80,-,ESTABLISHED
2026-03-30 15:26:33,Code.exe,TCP,192.168.1.101:50060,51.116.253.169:443,-,ESTABLISHED
2026-03-30 15:26:37,MEGAsync.exe,TCP,192.168.1.101:50062,185.206.25.64:443,-,ESTABLISHED
2026-03-30 15:26:53,Code.exe,TCP,192.168.1.101:51320,169.254.169.254:80,-,SYN_SENT
2026-03-30 15:26:58,MEGAsync.exe,TCP,192.168.1.101:51322,185.206.25.62:443,-,ESTABLISHED
2026-03-30 15:27:02,Spotify.exe,TCP,192.168.1.101:59766,104.199.65.9:443,-,ESTABLISHED
2026-03-30 15:27:16,Code.exe,TCP,192.168.1.101:65354,51.116.253.169:443,-,ESTABLISHED
2026-03-30 15:27:20,Spotify.exe,TCP,192.168.1.101:59766,104.199.65.9:443,-,ESTABLISHED
2026-03-30 15:27:28,Spotify.exe,TCP,192.168.1.101:62170,172.217.192.188:5228,-,ESTABLISHED
2026-03-30 15:27:39,Code.exe,TCP,192.168.1.101:56496,104.46.162.225:443,-,ESTABLISHED
2026-03-30 15:27:39,Code.exe,TCP,192.168.1.101:50630,104.46.162.225:443,-,ESTABLISHED
2026-03-30 15:27:39,Code.exe,TCP,192.168.1.101:49341,40.71.11.167:443,-,ESTABLISHED
2026-03-30 15:27:43,MEGAsync.exe,TCP,192.168.1.101:50213,66.203.125.28:443,-,ESTABLISHED
2026-03-30 15:27:43,Spotify.exe,TCP,192.168.1.101:59766,104.199.65.9:443,-,ESTABLISHED
2026-03-30 15:27:43,Spotify.exe,TCP,192.168.1.101:62170,172.217.192.188:5228,-,ESTABLISHED
2026-03-30 15:28:01,EXCEL.EXE,TCP,192.168.1.101:50633,51.104.15.253:443,-,ESTABLISHED
2026-03-30 15:28:09,Code.exe,TCP,192.168.1.101:50317,4.228.31.144:443,-,ESTABLISHED
2026-03-30 15:28:13,Code.exe,TCP,192.168.1.101:62187,104.46.162.225:443,-,ESTABLISHED
2026-03-30 15:28:13,Code.exe,TCP,192.168.1.101:52074,104.46.162.225:443,-,ESTABLISHED
2026-03-30 15:28:13,Code.exe,TCP,192.168.1.101:64338,140.82.114.22:443,-,ESTABLISHED
2026-03-30 15:28:24,Code.exe,TCP,2804:426c:1b00:2f7c:a45f:39eb:ab82:107a:59573,2603:1030:a07:e::101:443,-,SYN_SENT
2026-03-30 15:28:24,MEGAsync.exe,TCP,192.168.1.101:49667,66.203.125.15:443,-,ESTABLISHED
2026-03-30 15:28:28,Code.exe,TCP,192.168.1.101:52714,104.46.162.225:443,-,ESTABLISHED
2026-03-30 15:28:28,Code.exe,TCP,192.168.1.101:58859,104.46.162.225:443,-,ESTABLISHED
2026-03-30 15:28:32,Code.exe,TCP,192.168.1.101:58013,20.42.73.26:443,-,ESTABLISHED
2026-03-30 15:28:32,MEGAsync.exe,TCP,192.168.1.101:49667,66.203.125.15:443,-,ESTABLISHED
2026-03-30 15:28:36,Code.exe,TCP,192.168.1.101:56650,104.46.162.225:443,-,ESTABLISHED
2026-03-30 15:28:36,Code.exe,TCP,192.168.1.101:62965,104.46.162.225:443,-,ESTABLISHED
2026-03-30 15:28:47,MEGAsync.exe,TCP,192.168.1.101:56653,185.206.25.63:443,-,ESTABLISHED
2026-03-30 15:28:51,Code.exe,TCP,192.168.1.101:51579,40.71.11.167:443,-,ESTABLISHED
2026-03-30 15:28:59,MEGAsync.exe,TCP,192.168.1.101:51581,185.206.25.62:443,-,ESTABLISHED
2026-03-30 15:29:10,Code.exe,TCP,192.168.1.101:61190,140.82.114.22:443,-,ESTABLISHED
2026-03-30 15:29:10,MEGAsync.exe,TCP,192.168.1.101:51584,185.206.25.62:443,-,ESTABLISHED
2026-03-30 15:29:14,MEGAsync.exe,TCP,192.168.1.101:56908,185.206.25.65:443,-,ESTABLISHED
2026-03-30 15:29:18,Code.exe,TCP,192.168.1.101:49800,169.254.169.254:80,-,SYN_SENT
2026-03-30 15:29:22,MEGAsync.exe,TCP,192.168.1.101:56908,185.206.25.65:443,-,ESTABLISHED
2026-03-30 15:29:22,MEGAsync.exe,TCP,192.168.1.101:56909,185.206.25.65:443,-,ESTABLISHED
2026-03-30 15:29:37,MEGAsync.exe,TCP,192.168.1.101:65254,185.206.25.60:443,-,ESTABLISHED
2026-03-30 15:29:55,Code.exe,TCP,192.168.1.101:63187,52.168.117.169:443,-,ESTABLISHED
2026-03-30 15:29:55,MEGAsync.exe,TCP,192.168.1.101:59025,185.206.25.61:443,-,ESTABLISHED
2026-03-30 15:29:55,MEGAsync.exe,TCP,192.168.1.101:56909,185.206.25.65:443,-,ESTABLISHED
2026-03-30 15:29:55,MEGAsync.exe,TCP,192.168.1.101:64794,66.203.125.12:443,-,ESTABLISHED
2026-03-30 15:30:03,Code.exe,TCP,192.168.1.101:65464,140.82.114.21:443,-,ESTABLISHED
2026-03-30 15:30:03,Code.exe,TCP,192.168.1.101:50264,40.71.11.167:443,-,ESTABLISHED
2026-03-30 15:30:03,Code.exe,TCP,192.168.1.101:63116,40.71.11.167:443,-,ESTABLISHED
2026-03-30 15:30:03,Code.exe,TCP,192.168.1.101:57590,52.168.117.169:443,-,ESTABLISHED
2026-03-30 15:30:07,Code.exe,TCP,192.168.1.101:62426,13.107.226.34:443,-,ESTABLISHED
2026-03-30 15:30:07,Code.exe,TCP,192.168.1.101:63368,13.107.226.34:443,-,ESTABLISHED
2026-03-30 15:33:13,APSDaemon.exe,TCP,192.168.1.101:65353,17.249.252.4:5223,-,ESTABLISHED
2026-03-30 15:33:13,Code.exe,TCP,192.168.1.101:59158,20.189.173.23:443,-,ESTABLISHED
2026-03-30 15:33:13,MEGAsync.exe,TCP,192.168.1.101:59025,185.206.25.61:443,-,ESTABLISHED
2026-03-30 15:33:13,MEGAsync.exe,TCP,192.168.1.101:56279,185.206.25.64:443,-,ESTABLISHED
2026-03-30 15:33:13,MEGAsync.exe,TCP,192.168.1.101:49902,185.206.25.64:443,-,ESTABLISHED
2026-03-30 15:33:13,MEGAsync.exe,TCP,192.168.1.101:56908,185.206.25.65:443,-,ESTABLISHED
2026-03-30 15:33:13,MEGAsync.exe,TCP,192.168.1.101:56909,185.206.25.65:443,-,ESTABLISHED
2026-03-30 15:33:13,MEGAsync.exe,TCP,192.168.1.101:53673,185.206.25.65:443,-,ESTABLISHED
2026-03-30 15:33:13,MEGAsync.exe,TCP,192.168.1.101:64794,66.203.125.12:443,-,ESTABLISHED
2026-03-30 15:33:13,MEGAsync.exe,TCP,192.168.1.101:49667,66.203.125.15:443,-,ESTABLISHED
2026-03-30 15:33:13,MEGAsync.exe,TCP,192.168.1.101:50213,66.203.125.28:443,-,ESTABLISHED
2026-03-30 15:33:13,Spotify.exe,TCP,192.168.1.101:59766,104.199.65.9:443,-,ESTABLISHED
2026-03-30 15:33:17,Spotify.exe,TCP,192.168.1.101:62170,172.217.192.188:5228,-,ESTABLISHED
2026-03-30 15:33:33,Code.exe,TCP,192.168.1.101:56079,20.189.173.23:443,-,ESTABLISHED
2026-03-30 15:33:33,Spotify.exe,TCP,192.168.1.101:50888,35.186.224.38:443,-,ESTABLISHED
2026-03-30 15:33:53,MEGAsync.exe,TCP,192.168.1.101:61728,185.206.25.63:443,-,ESTABLISHED
2026-03-30 15:33:57,MEGAsync.exe,TCP,192.168.1.101:61732,185.206.25.65:443,-,ESTABLISHED
2026-03-30 15:34:18,Code.exe,TCP,192.168.1.101:64957,52.168.117.171:443,-,ESTABLISHED
2026-03-30 15:35:07,Code.exe,TCP,2804:426c:1b00:2f7c:a45f:39eb:ab82:107a:61727,2620:1ec:29:1::34:443,-,SYN_SENT
2026-03-30 15:35:07,Code.exe,TCP,192.168.1.101:64484,40.71.11.167:443,-,ESTABLISHED
2026-03-30 15:35:07,Code.exe,TCP,192.168.1.101:56145,52.168.117.171:443,-,ESTABLISHED
2026-03-30 15:35:23,Code.exe,TCP,192.168.1.101:49670,13.107.226.34:443,-,ESTABLISHED
2026-03-30 15:35:23,Code.exe,TCP,192.168.1.101:50239,13.107.226.34:443,-,CLOSE_WAIT
2026-03-30 15:35:27,MEGAsync.exe,TCP,192.168.1.101:49667,66.203.125.15:443,-,ESTABLISHED
2026-03-30 15:35:27,MEGAsync.exe,TCP,192.168.1.101:50213,66.203.125.28:443,-,ESTABLISHED
2026-03-30 15:35:27,Spotify.exe,TCP,192.168.1.101:59766,104.199.65.9:443,-,ESTABLISHED
2026-03-30 15:35:27,Spotify.exe,TCP,192.168.1.101:62170,172.217.192.188:5228,-,ESTABLISHED
2026-03-30 15:35:27,Spotify.exe,TCP,192.168.1.101:58046,35.186.224.24:443,-,ESTABLISHED
2026-03-30 15:35:44,Code.exe,TCP,192.168.1.101:51870,140.82.113.21:443,-,ESTABLISHED
2026-03-30 15:35:44,Code.exe,TCP,192.168.1.101:57192,20.189.173.11:443,-,ESTABLISHED
2026-03-30 15:35:44,MEGAsync.exe,TCP,192.168.1.101:62182,185.206.25.60:443,-,ESTABLISHED
2026-03-30 15:35:48,Code.exe,TCP,192.168.1.101:56363,140.82.113.21:443,-,ESTABLISHED
2026-03-30 15:35:48,Code.exe,TCP,192.168.1.101:63393,20.189.173.11:443,-,SYN_SENT
2026-03-30 15:35:48,Code.exe,TCP,192.168.1.101:56362,20.189.173.11:443,-,ESTABLISHED
2026-03-30 15:36:04,Code.exe,TCP,192.168.1.101:51881,140.82.113.21:443,-,SYN_SENT
2026-03-30 15:36:04,MEGAsync.exe,TCP,192.168.1.101:50213,66.203.125.28:443,-,ESTABLISHED
2026-03-30 15:36:04,Spotify.exe,TCP,192.168.1.101:59766,104.199.65.9:443,-,ESTABLISHED
2026-03-30 15:36:04,Code.exe,TCP,192.168.1.101:51881,140.82.113.21:443,-,ESTABLISHED
2026-03-30 15:36:08,Code.exe,TCP,192.168.1.101:53668,20.189.173.11:443,-,ESTABLISHED
2026-03-30 15:36:08,Code.exe,TCP,192.168.1.101:64197,20.189.173.11:443,-,ESTABLISHED
2026-03-30 15:36:25,Code.exe,TCP,192.168.1.101:60205,20.189.173.11:443,-,ESTABLISHED
2026-03-30 15:36:25,MEGAsync.exe,TCP,192.168.1.101:64200,185.206.25.61:443,-,ESTABLISHED
2026-03-30 15:36:25,MEGAsync.exe,TCP,192.168.1.101:50213,66.203.125.28:443,-,ESTABLISHED
2026-03-30 15:36:29,Spotify.exe,TCP,192.168.1.101:59766,104.199.65.9:443,-,ESTABLISHED
2026-03-30 15:36:45,Code.exe,TCP,192.168.1.101:50214,51.132.193.105:443,-,ESTABLISHED
2026-03-30 15:36:45,MEGAsync.exe,TCP,192.168.1.101:60475,185.206.25.65:443,-,ESTABLISHED
2026-03-30 15:37:05,APSDaemon.exe,TCP,192.168.1.101:65353,17.249.252.4:5223,-,ESTABLISHED
2026-03-30 15:37:05,MEGAsync.exe,TCP,192.168.1.101:62182,185.206.25.60:443,-,ESTABLISHED
2026-03-30 15:37:05,MEGAsync.exe,TCP,192.168.1.101:64200,185.206.25.61:443,-,ESTABLISHED
2026-03-30 15:37:05,MEGAsync.exe,TCP,192.168.1.101:61728,185.206.25.63:443,-,ESTABLISHED
2026-03-30 15:37:05,MEGAsync.exe,TCP,192.168.1.101:49902,185.206.25.64:443,-,ESTABLISHED
2026-03-30 15:37:05,MEGAsync.exe,TCP,192.168.1.101:56909,185.206.25.65:443,-,ESTABLISHED
2026-03-30 15:37:05,MEGAsync.exe,TCP,192.168.1.101:56908,185.206.25.65:443,-,ESTABLISHED
2026-03-30 15:37:05,MEGAsync.exe,TCP,192.168.1.101:60475,185.206.25.65:443,-,ESTABLISHED
2026-03-30 15:37:05,MEGAsync.exe,TCP,192.168.1.101:64794,66.203.125.12:443,-,ESTABLISHED
2026-03-30 15:37:05,MEGAsync.exe,TCP,192.168.1.101:49667,66.203.125.15:443,-,ESTABLISHED
2026-03-30 15:37:05,MEGAsync.exe,TCP,192.168.1.101:50213,66.203.125.28:443,-,ESTABLISHED
2026-03-30 15:37:05,SoftLandingTask.exe,TCP,192.168.1.101:50215,23.96.180.189:443,-,ESTABLISHED
2026-03-30 15:37:30,Code.exe,TCP,192.168.1.101:63707,51.132.193.105:443,-,ESTABLISHED
2026-03-30 15:37:46,Spotify.exe,TCP,192.168.1.101:59766,104.199.65.9:443,-,ESTABLISHED
2026-03-30 15:37:46,Spotify.exe,TCP,192.168.1.101:62170,172.217.192.188:5228,-,ESTABLISHED
2026-03-30 15:37:54,MEGAsync.exe,TCP,192.168.1.101:59986,185.206.25.62:443,-,ESTABLISHED
2026-03-30 15:38:10,Code.exe,TCP,192.168.1.101:56953,20.42.73.30:443,-,ESTABLISHED
2026-03-30 15:38:10,Code.exe,TCP,192.168.1.101:51699,40.71.11.167:443,-,ESTABLISHED
2026-03-30 15:38:10,MEGAsync.exe,TCP,192.168.1.101:59988,185.206.25.60:443,-,ESTABLISHED
2026-03-30 15:38:30,Code.exe,TCP,192.168.1.101:52863,20.42.73.30:443,-,ESTABLISHED
2026-03-30 15:38:30,MEGAsync.exe,TCP,192.168.1.101:49667,66.203.125.15:443,-,ESTABLISHED
2026-03-30 15:42:44,APSDaemon.exe,TCP,192.168.1.101:65353,17.249.252.4:5223,-,ESTABLISHED
2026-03-30 15:42:44,Code.exe,TCP,192.168.1.101:51540,13.69.239.72:443,-,ESTABLISHED
2026-03-30 15:42:44,MEGAsync.exe,TCP,192.168.1.101:54525,185.206.25.61:443,-,ESTABLISHED
2026-03-30 15:42:44,MEGAsync.exe,TCP,192.168.1.101:53681,185.206.25.61:443,-,ESTABLISHED
2026-03-30 15:42:44,MEGAsync.exe,TCP,192.168.1.101:54526,185.206.25.61:443,-,ESTABLISHED
2026-03-30 15:42:44,MEGAsync.exe,TCP,192.168.1.101:54524,185.206.25.63:443,-,ESTABLISHED
2026-03-30 15:42:44,MEGAsync.exe,TCP,192.168.1.101:49902,185.206.25.64:443,-,ESTABLISHED
2026-03-30 15:42:44,MEGAsync.exe,TCP,192.168.1.101:64794,66.203.125.12:443,-,ESTABLISHED
2026-03-30 15:42:44,MEGAsync.exe,TCP,192.168.1.101:49667,66.203.125.15:443,-,ESTABLISHED
2026-03-30 15:42:44,MEGAsync.exe,TCP,192.168.1.101:50213,66.203.125.28:443,-,ESTABLISHED
2026-03-30 15:42:44,Spotify.exe,TCP,192.168.1.101:59766,104.199.65.9:443,-,ESTABLISHED
2026-03-30 15:42:44,Spotify.exe,TCP,192.168.1.101:62170,172.217.192.188:5228,-,ESTABLISHED
2026-03-30 15:42:49,MEGAsync.exe,TCP,192.168.1.101:51545,185.206.25.65:443,-,ESTABLISHED
2026-03-30 15:42:49,Spotify.exe,TCP,192.168.1.101:59767,35.186.224.38:443,-,ESTABLISHED
2026-03-30 15:42:49,Spotify.exe,TCP,192.168.1.101:50888,35.186.224.38:443,-,ESTABLISHED
2026-03-30 15:42:53,MEGAsync.exe,TCP,192.168.1.101:51547,185.206.25.64:443,-,ESTABLISHED
2026-03-30 15:42:57,MEGAsync.exe,TCP,192.168.1.101:51549,185.206.25.60:443,-,ESTABLISHED
2026-03-30 15:43:15,Code.exe,TCP,192.168.1.101:58890,13.69.239.72:443,-,ESTABLISHED
2026-03-30 15:43:19,Code.exe,TCP,192.168.1.101:58891,169.254.169.254:80,-,SYN_SENT
2026-03-30 15:43:28,Code.exe,TCP,192.168.1.101:58156,40.74.98.195:443,-,SYN_SENT
2026-03-30 15:43:28,Spotify.exe,TCP,192.168.1.101:62170,172.217.192.188:5228,-,ESTABLISHED
2026-03-30 15:43:33,Code.exe,TCP,192.168.1.101:49666,40.71.11.167:443,-,ESTABLISHED
2026-03-30 15:43:33,Code.exe,TCP,192.168.1.101:50060,40.74.98.195:443,-,ESTABLISHED
2026-03-30 15:43:33,Code.exe,TCP,192.168.1.101:58156,40.74.98.195:443,-,ESTABLISHED
2026-03-30 15:43:51,MEGAsync.exe,TCP,192.168.1.101:49877,185.206.25.63:443,-,ESTABLISHED
2026-03-30 15:44:03,Code.exe,TCP,192.168.1.101:53046,140.82.112.22:443,-,ESTABLISHED
2026-03-30 15:44:03,Code.exe,TCP,192.168.1.101:56706,140.82.112.22:443,-,ESTABLISHED
2026-03-30 15:44:03,MEGAsync.exe,TCP,192.168.1.101:51970,185.206.25.61:443,-,ESTABLISHED
2026-03-30 15:44:14,Code.exe,TCP,192.168.1.101:51924,13.107.5.93:443,-,ESTABLISHED
2026-03-30 15:44:14,Code.exe,TCP,192.168.1.101:51925,13.107.5.93:443,-,ESTABLISHED
2026-03-30 15:44:14,Code.exe,TCP,192.168.1.101:55384,150.171.110.33:443,-,ESTABLISHED
2026-03-30 15:44:14,Code.exe,TCP,192.168.1.101:62086,150.171.110.33:443,-,ESTABLISHED
2026-03-30 15:44:18,Code.exe,TCP,192.168.1.101:62088,169.254.169.254:80,-,SYN_SENT
2026-03-30 15:44:22,Code.exe,TCP,192.168.1.101:62086,150.171.110.33:443,-,CLOSE_WAIT
2026-03-30 15:44:22,MEGAsync.exe,TCP,192.168.1.101:49877,185.206.25.63:443,-,ESTABLISHED
2026-03-30 15:44:22,MEGAsync.exe,TCP,192.168.1.101:51547,185.206.25.64:443,-,ESTABLISHED
2026-03-30 15:44:22,MEGAsync.exe,TCP,192.168.1.101:51545,185.206.25.65:443,-,ESTABLISHED
2026-03-30 15:44:26,Code.exe,TCP,192.168.1.101:64373,13.107.13.93:443,-,ESTABLISHED
2026-03-30 15:44:26,MEGAsync.exe,TCP,192.168.1.101:55323,185.206.25.62:443,-,ESTABLISHED
2026-03-30 15:44:42,Code.exe,TCP,2804:426c:1b00:2f7c:a45f:39eb:ab82:107a:59234,2603:1061:14:126::1:443,-,SYN_SENT
2026-03-30 15:44:45,Code.exe,TCP,192.168.1.101:61869,150.171.110.37:443,-,ESTABLISHED
2026-03-30 15:44:45,Code.exe,TCP,192.168.1.101:60358,150.171.110.37:443,-,ESTABLISHED
2026-03-30 15:44:49,Code.exe,TCP,192.168.1.101:60358,150.171.110.37:443,-,CLOSE_WAIT
2026-03-30 15:45:07,MEGAsync.exe,TCP,192.168.1.101:55323,185.206.25.62:443,-,ESTABLISHED
2026-03-30 15:45:11,Code.exe,TCP,192.168.1.101:54762,150.171.110.40:443,-,ESTABLISHED
2026-03-30 15:45:11,Code.exe,TCP,2804:426c:1b00:2f7c:a45f:39eb:ab82:107a:63443,2603:1061:14:123::1:443,-,SYN_SENT
2026-03-30 15:45:11,MEGAsync.exe,TCP,192.168.1.101:49877,185.206.25.63:443,-,ESTABLISHED
2026-03-30 15:45:11,MEGAsync.exe,TCP,192.168.1.101:51547,185.206.25.64:443,-,ESTABLISHED
2026-03-30 15:45:11,MEGAsync.exe,TCP,192.168.1.101:51545,185.206.25.65:443,-,ESTABLISHED
2026-03-30 15:45:11,MEGAsync.exe,TCP,192.168.1.101:64794,66.203.125.12:443,-,ESTABLISHED
2026-03-30 15:45:28,MEGAsync.exe,TCP,192.168.1.101:49667,66.203.125.15:443,-,ESTABLISHED
2026-03-30 15:45:28,MEGAsync.exe,TCP,192.168.1.101:50213,66.203.125.28:443,-,ESTABLISHED
2026-03-30 15:45:28,Spotify.exe,TCP,192.168.1.101:59766,104.199.65.9:443,-,ESTABLISHED
2026-03-30 15:45:32,Code.exe,TCP,192.168.1.101:54105,13.69.109.131:443,-,SYN_SENT
2026-03-30 15:45:42,Code.exe,TCP,192.168.1.101:54105,13.69.109.131:443,-,ESTABLISHED
2026-03-30 15:45:42,Code.exe,TCP,192.168.1.101:51388,140.82.112.21:443,-,ESTABLISHED
2026-03-30 15:45:47,Code.exe,TCP,192.168.1.101:57686,13.69.109.131:443,-,ESTABLISHED
2026-03-30 15:45:55,Code.exe,TCP,192.168.1.101:52618,140.82.112.21:443,-,ESTABLISHED
2026-03-30 15:45:55,MEGAsync.exe,TCP,192.168.1.101:50213,66.203.125.28:443,-,ESTABLISHED
2026-03-30 15:46:07,Code.exe,TCP,192.168.1.101:53568,13.107.5.93:443,-,ESTABLISHED
2026-03-30 15:46:07,Code.exe,TCP,192.168.1.101:60674,13.69.109.131:443,-,ESTABLISHED
2026-03-30 15:46:11,Code.exe,TCP,192.168.1.101:62983,13.69.109.131:443,-,ESTABLISHED
2026-03-30 15:46:11,MEGAsync.exe,TCP,192.168.1.101:62985,185.206.25.63:443,-,ESTABLISHED
2026-03-30 15:46:11,MEGAsync.exe,TCP,192.168.1.101:50213,66.203.125.28:443,-,ESTABLISHED
2026-03-30 15:46:11,Spotify.exe,TCP,192.168.1.101:59766,104.199.65.9:443,-,ESTABLISHED
2026-03-30 15:46:15,MEGAsync.exe,TCP,192.168.1.101:49353,185.206.25.61:443,-,ESTABLISHED
2026-03-30 15:46:26,Spotify.exe,TCP,192.168.1.101:59766,104.199.65.9:443,-,ESTABLISHED
2026-03-30 15:46:30,Code.exe,TCP,192.168.1.101:62021,140.82.112.21:443,-,ESTABLISHED
2026-03-30 15:47:14,Code.exe,TCP,192.168.1.101:51777,13.89.178.27:443,-,ESTABLISHED
2026-03-30 15:47:22,MEGAsync.exe,TCP,192.168.1.101:50213,66.203.125.28:443,-,ESTABLISHED
2026-03-30 15:47:38,Code.exe,TCP,192.168.1.101:49670,13.89.178.27:443,-,ESTABLISHED
2026-03-30 15:47:42,Code.exe,TCP,192.168.1.101:59013,13.89.178.27:443,-,ESTABLISHED
2026-03-30 15:47:42,Code.exe,TCP,192.168.1.101:53820,192.168.1.1:53,-,ESTABLISHED
2026-03-30 15:47:42,Code.exe,TCP,fe80::115f:40a9:3a26:70c8:63929,fe80::1:53,-,ESTABLISHED
2026-03-30 15:47:46,Code.exe,TCP,192.168.1.101:64817,4.228.31.149:443,-,ESTABLISHED
2026-03-30 15:47:46,MEGAsync.exe,TCP,192.168.1.101:64794,66.203.125.12:443,-,ESTABLISHED
2026-03-30 15:47:57,MEGAsync.exe,TCP,192.168.1.101:49667,66.203.125.15:443,-,ESTABLISHED
2026-03-30 15:48:02,MEGAsync.exe,TCP,192.168.1.101:50213,66.203.125.28:443,-,ESTABLISHED
2026-03-30 15:48:02,Spotify.exe,TCP,192.168.1.101:59766,104.199.65.9:443,-,ESTABLISHED
2026-03-30 15:48:10,Code.exe,TCP,192.168.1.101:52398,140.82.112.21:443,-,ESTABLISHED
2026-03-30 15:48:10,Code.exe,TCP,192.168.1.101:54116,52.168.117.168:443,-,ESTABLISHED
2026-03-30 15:48:21,Code.exe,TCP,192.168.1.101:55117,140.82.112.21:443,-,ESTABLISHED
2026-03-30 15:48:21,Spotify.exe,TCP,192.168.1.101:59766,104.199.65.9:443,-,ESTABLISHED
2026-03-30 15:48:25,Spotify.exe,TCP,192.168.1.101:62170,172.217.192.188:5228,-,ESTABLISHED
2026-03-30 15:48:33,Code.exe,TCP,192.168.1.101:60162,40.71.11.167:443,-,ESTABLISHED
2026-03-30 15:48:33,Code.exe,TCP,192.168.1.101:63120,52.168.117.168:443,-,SYN_SENT
2026-03-30 15:48:47,Code.exe,TCP,192.168.1.101:60307,4.228.31.149:443,-,ESTABLISHED
2026-03-30 15:48:47,Code.exe,TCP,192.168.1.101:63120,52.168.117.168:443,-,ESTABLISHED
2026-03-30 15:49:08,MEGAsync.exe,TCP,192.168.1.101:50213,66.203.125.28:443,-,ESTABLISHED
2026-03-30 15:49:12,Code.exe,TCP,fe80::115f:40a9:3a26:70c8:56805,fe80::1:53,-,SYN_SENT
2026-03-30 15:49:12,Code.exe,TCP,fe80::115f:40a9:3a26:70c8:49800,fe80::1:53,-,SYN_SENT
2026-03-30 15:49:12,Code.exe,TCP,fe80::115f:40a9:3a26:70c8:63947,fe80::1:53,-,SYN_SENT
2026-03-30 15:49:16,MEGAsync.exe,TCP,192.168.1.101:64794,66.203.125.12:443,-,ESTABLISHED
2026-03-30 15:49:16,MEGAsync.exe,TCP,192.168.1.101:49667,66.203.125.15:443,-,ESTABLISHED
2026-03-30 15:49:16,MEGAsync.exe,TCP,192.168.1.101:50213,66.203.125.28:443,-,ESTABLISHED
2026-03-30 15:49:29,Spotify.exe,TCP,192.168.1.101:59766,104.199.65.9:443,-,ESTABLISHED
2026-03-30 15:49:37,MEGAsync.exe,TCP,192.168.1.101:55580,185.206.25.62:443,-,ESTABLISHED
2026-03-30 15:50:11,Code.exe,TCP,fe80::115f:40a9:3a26:70c8:53334,fe80::1:53,-,SYN_SENT
2026-03-30 15:50:11,Code.exe,TCP,fe80::115f:40a9:3a26:70c8:53251,fe80::1:53,-,SYN_SENT
2026-03-30 15:50:11,Code.exe,TCP,fe80::115f:40a9:3a26:70c8:58442,fe80::1:53,-,SYN_SENT
2026-03-30 15:50:15,Code.exe,TCP,192.168.1.101:52842,13.107.226.34:443,-,SYN_SENT
2026-03-30 15:50:15,Code.exe,TCP,192.168.1.101:57204,13.107.226.34:443,-,SYN_SENT
2026-03-30 15:50:15,Code.exe,TCP,2804:426c:1b00:2f7c:a45f:39eb:ab82:107a:64526,2603:1061:14:125::1:443,-,SYN_SENT
2026-03-30 15:50:15,Code.exe,TCP,2804:426c:1b00:2f7c:a45f:39eb:ab82:107a:53633,2603:1061:14:125::1:443,-,SYN_SENT
2026-03-30 15:50:19,Code.exe,TCP,192.168.1.101:57204,13.107.226.34:443,-,ESTABLISHED
2026-03-30 15:50:19,Code.exe,TCP,192.168.1.101:52842,13.107.226.34:443,-,ESTABLISHED
2026-03-30 15:50:19,Code.exe,TCP,fe80::115f:40a9:3a26:70c8:59587,fe80::1:53,-,ESTABLISHED
2026-03-30 15:50:19,Code.exe,TCP,fe80::115f:40a9:3a26:70c8:60589,fe80::1:53,-,ESTABLISHED
2026-03-30 15:50:33,Code.exe,TCP,192.168.1.101:52842,13.107.226.34:443,-,CLOSE_WAIT
2026-03-30 15:50:33,MEGAsync.exe,TCP,192.168.1.101:51547,185.206.25.64:443,-,ESTABLISHED
2026-03-30 15:50:33,MEGAsync.exe,TCP,192.168.1.101:51545,185.206.25.65:443,-,ESTABLISHED
2026-03-30 15:50:37,Code.exe,TCP,192.168.1.101:54399,20.189.172.73:443,-,SYN_SENT
2026-03-30 15:50:37,MEGAsync.exe,TCP,192.168.1.101:64794,66.203.125.12:443,-,ESTABLISHED
2026-03-30 15:50:37,MEGAsync.exe,TCP,192.168.1.101:49667,66.203.125.15:443,-,ESTABLISHED
2026-03-30 15:50:41,Code.exe,TCP,2804:426c:1b00:2f7c:a45f:39eb:ab82:107a:54400,2603:1030:a07:e::101:443,-,SYN_SENT
2026-03-30 15:50:57,Code.exe,TCP,192.168.1.101:60449,20.42.65.91:443,-,ESTABLISHED
2026-03-30 15:50:57,Code.exe,TCP,192.168.1.101:64408,20.42.65.91:443,-,ESTABLISHED
2026-03-30 15:51:03,Code.exe,TCP,192.168.1.101:60550,140.82.113.22:443,-,ESTABLISHED
2026-03-30 15:51:03,MEGAsync.exe,TCP,192.168.1.101:52523,185.206.25.64:443,-,ESTABLISHED
2026-03-30 16:12:08,APSDaemon.exe,TCP,192.168.1.101:65353,17.249.252.4:5223,-,ESTABLISHED
2026-03-30 16:12:08,MEGAsync.exe,TCP,192.168.1.101:61178,185.206.25.19:443,-,ESTABLISHED
2026-03-30 16:12:08,MEGAsync.exe,TCP,192.168.1.101:61179,185.206.25.19:443,-,ESTABLISHED
2026-03-30 16:12:08,MEGAsync.exe,TCP,192.168.1.101:61172,185.206.25.19:443,-,ESTABLISHED
2026-03-30 16:12:08,MEGAsync.exe,TCP,192.168.1.101:61177,185.206.25.19:443,-,ESTABLISHED
2026-03-30 16:12:08,MEGAsync.exe,TCP,192.168.1.101:61176,185.206.25.19:443,-,ESTABLISHED
2026-03-30 16:12:08,MEGAsync.exe,TCP,192.168.1.101:61175,185.206.25.19:443,-,ESTABLISHED
2026-03-30 16:12:08,MEGAsync.exe,TCP,192.168.1.101:61180,185.206.25.19:443,-,ESTABLISHED
2026-03-30 16:12:08,MEGAsync.exe,TCP,192.168.1.101:59579,185.206.25.34:443,-,ESTABLISHED
2026-03-30 16:12:08,MEGAsync.exe,TCP,192.168.1.101:59576,185.206.25.34:443,-,ESTABLISHED
2026-03-30 16:12:08,MEGAsync.exe,TCP,192.168.1.101:59580,185.206.25.34:443,-,ESTABLISHED
2026-03-30 16:12:08,MEGAsync.exe,TCP,192.168.1.101:59573,185.206.25.34:443,-,ESTABLISHED
2026-03-30 16:12:30,MEGAsync.exe,TCP,192.168.1.101:49674,185.206.25.60:443,-,ESTABLISHED
2026-03-30 16:12:30,MEGAsync.exe,TCP,192.168.1.101:53203,66.203.125.14:443,-,ESTABLISHED
2026-03-30 16:12:30,MEGAsync.exe,TCP,192.168.1.101:49667,66.203.125.15:443,-,ESTABLISHED
2026-03-30 16:12:30,MEGAsync.exe,TCP,192.168.1.101:62487,66.203.125.28:443,-,ESTABLISHED
2026-03-30 16:12:30,MpDefenderCoreService.exe,TCP,192.168.1.101:53197,52.123.244.212:443,-,ESTABLISHED
2026-03-30 16:12:30,Spotify.exe,TCP,192.168.1.101:59766,104.199.65.9:443,-,ESTABLISHED
2026-03-30 16:12:30,Spotify.exe,TCP,192.168.1.101:62170,172.217.192.188:5228,-,ESTABLISHED
2026-03-30 16:12:30,Spotify.exe,TCP,192.168.1.101:50888,35.186.224.38:443,-,ESTABLISHED
2026-03-30 16:12:30,Spotify.exe,TCP,192.168.1.101:59767,35.186.224.38:443,-,ESTABLISHED
2026-03-30 16:12:30,WUDFHost.exe,TCP,127.0.0.1:49687,127.0.0.1:49686,-,ESTABLISHED
2026-03-30 16:12:30,WUDFHost.exe,TCP,127.0.0.1:49686,127.0.0.1:49687,-,ESTABLISHED
2026-03-30 16:12:34,Spotify.exe,TCP,192.168.1.101:62360,35.186.224.9:443,-,ESTABLISHED
2026-03-30 16:12:38,Code.exe,TCP,192.168.1.101:50506,104.208.16.95:443,-,ESTABLISHED
2026-03-30 16:12:38,MEGAsync.exe,TCP,192.168.1.101:62362,185.206.25.64:443,-,ESTABLISHED
2026-03-30 16:12:42,Code.exe,TCP,192.168.1.101:54876,104.208.16.95:443,-,ESTABLISHED
2026-03-30 16:12:52,WUDFHost.exe,TCP,127.0.0.1:49687,127.0.0.1:49686,-,ESTABLISHED
2026-03-30 16:13:35,WUDFHost.exe,TCP,127.0.0.1:49686,127.0.0.1:49687,-,ESTABLISHED
2026-03-30 16:13:43,Code.exe,TCP,192.168.1.101:53339,104.208.16.88:443,-,ESTABLISHED
2026-03-30 16:13:47,MEGAsync.exe,TCP,192.168.1.101:53341,185.206.25.65:443,-,ESTABLISHED
2026-03-30 16:14:08,Spotify.exe,TCP,192.168.1.101:64362,35.186.224.24:443,-,ESTABLISHED
2026-03-30 16:14:08,Spotify.exe,TCP,192.168.1.101:51371,35.186.224.24:443,-,ESTABLISHED
2026-03-30 16:14:18,Code.exe,TCP,192.168.1.101:51373,13.107.5.93:443,-,ESTABLISHED
2026-03-30 16:14:18,Code.exe,TCP,192.168.1.101:51375,13.107.5.93:443,-,ESTABLISHED
2026-03-30 16:14:18,Code.exe,TCP,192.168.1.101:51374,169.254.169.254:80,-,SYN_SENT
2026-03-30 16:14:22,Spotify.exe,TCP,192.168.1.101:62170,172.217.192.188:5228,-,ESTABLISHED
2026-03-30 16:14:22,Spotify.exe,TCP,192.168.1.101:64362,35.186.224.24:443,-,ESTABLISHED
2026-03-30 16:14:22,Spotify.exe,TCP,192.168.1.101:51371,35.186.224.24:443,-,ESTABLISHED
2026-03-30 16:14:40,MEGAsync.exe,TCP,192.168.1.101:52890,185.206.25.61:443,-,ESTABLISHED
2026-03-30 16:14:48,Code.exe,TCP,192.168.1.101:52892,13.107.5.93:443,-,ESTABLISHED
2026-03-30 16:14:48,Code.exe,TCP,192.168.1.101:52891,13.107.5.93:443,-,ESTABLISHED
2026-03-30 16:14:52,Spotify.exe,TCP,192.168.1.101:62170,172.217.192.188:5228,-,ESTABLISHED
2026-03-30 16:14:52,Spotify.exe,TCP,192.168.1.101:64362,35.186.224.24:443,-,ESTABLISHED
2026-03-30 16:15:07,Spotify.exe,TCP,192.168.1.101:51371,35.186.224.24:443,-,ESTABLISHED
2026-03-30 16:15:46,Code.exe,TCP,192.168.1.101:51530,150.171.110.40:443,-,ESTABLISHED
2026-03-30 16:15:46,Code.exe,TCP,192.168.1.101:60045,150.171.110.40:443,-,ESTABLISHED
2026-03-30 16:15:51,Code.exe,TCP,192.168.1.101:51530,150.171.110.40:443,-,CLOSE_WAIT
2026-03-30 16:16:30,Code.exe,TCP,192.168.1.101:62984,40.71.11.167:443,-,ESTABLISHED
2026-03-30 16:16:38,Spotify.exe,TCP,192.168.1.101:62170,172.217.192.188:5228,-,ESTABLISHED
2026-03-30 16:16:42,MEGAsync.exe,TCP,192.168.1.101:54073,185.206.25.64:443,-,ESTABLISHED
2026-03-30 16:16:42,Spotify.exe,TCP,192.168.1.101:64362,35.186.224.24:443,-,ESTABLISHED
2026-03-30 16:16:52,MEGAsync.exe,TCP,2804:426c:1b00:2f7c:a45f:39eb:ab82:107a:54076,2a0b:e41:1::60:443,-,SYN_SENT
2026-03-30 16:16:56,MEGAsync.exe,TCP,192.168.1.101:54077,185.206.25.60:443,-,ESTABLISHED
2026-03-30 16:17:18,Spotify.exe,TCP,192.168.1.101:64362,35.186.224.24:443,-,ESTABLISHED
2026-03-30 16:17:58,Spotify.exe,TCP,192.168.1.101:50888,35.186.224.38:443,-,ESTABLISHED
2026-03-30 16:17:58,Spotify.exe,TCP,192.168.1.101:59767,35.186.224.38:443,-,ESTABLISHED
2026-03-30 16:17:58,WUDFHost.exe,TCP,127.0.0.1:49687,127.0.0.1:49686,-,ESTABLISHED
2026-03-30 16:18:43,Code.exe,TCP,192.168.1.101:64076,20.50.73.4:443,-,ESTABLISHED
2026-03-30 16:18:43,Code.exe,TCP,192.168.1.101:51296,20.50.73.4:443,-,ESTABLISHED
2026-03-30 16:20:37,EXCEL.EXE,TCP,192.168.1.101:56213,20.50.80.210:443,-,ESTABLISHED
2026-03-30 16:20:45,Code.exe,TCP,192.168.1.101:63883,169.254.169.254:80,-,SYN_SENT
2026-03-30 16:20:59,Code.exe,TCP,127.0.0.1:51061,127.0.0.1:51059,-,ESTABLISHED
2026-03-30 16:20:59,Code.exe,TCP,127.0.0.1:51059,127.0.0.1:51061,-,ESTABLISHED
2026-03-30 16:20:59,Code.exe,TCP,192.168.1.101:54389,13.107.13.93:443,-,ESTABLISHED
2026-03-30 16:20:59,Code.exe,TCP,192.168.1.101:58304,13.107.253.34:443,-,ESTABLISHED
2026-03-30 16:20:59,Code.exe,TCP,192.168.1.101:50397,13.107.253.34:443,-,ESTABLISHED
2026-03-30 16:20:59,Code.exe,TCP,192.168.1.101:62434,13.107.253.34:443,-,ESTABLISHED
2026-03-30 16:20:59,Code.exe,TCP,192.168.1.101:51058,13.107.253.34:443,-,ESTABLISHED
2026-03-30 16:20:59,Code.exe,TCP,192.168.1.101:64467,150.171.73.16:443,-,ESTABLISHED
2026-03-30 16:20:59,Code.exe,TCP,192.168.1.101:52331,20.50.80.210:443,-,ESTABLISHED
2026-03-30 16:20:59,Code.exe,TCP,192.168.1.101:50060,20.50.80.210:443,-,ESTABLISHED
2026-03-30 16:20:59,Code.exe,TCP,192.168.1.101:56322,40.71.11.167:443,-,ESTABLISHED
2026-03-30 16:21:03,Code.exe,TCP,192.168.1.101:51063,13.107.5.93:443,-,ESTABLISHED
2026-03-30 16:21:03,Code.exe,TCP,192.168.1.101:51064,13.107.5.93:443,-,ESTABLISHED
2026-03-30 16:21:03,Code.exe,TCP,192.168.1.101:51065,13.107.5.93:443,-,ESTABLISHED
2026-03-30 16:21:03,Code.exe,TCP,192.168.1.101:49985,140.82.112.22:443,-,SYN_SENT
2026-03-30 16:21:03,Code.exe,TCP,192.168.1.101:51062,169.254.169.254:80,-,SYN_SENT
2026-03-30 16:21:03,EXCEL.EXE,TCP,192.168.1.101:56213,20.50.80.210:443,-,ESTABLISHED
2026-03-30 16:21:03,MEGAsync.exe,TCP,192.168.1.101:54073,185.206.25.64:443,-,ESTABLISHED
2026-03-30 16:21:03,MEGAsync.exe,TCP,192.168.1.101:53203,66.203.125.14:443,-,ESTABLISHED
2026-03-30 16:21:03,MEGAsync.exe,TCP,192.168.1.101:49667,66.203.125.15:443,-,ESTABLISHED
2026-03-30 16:21:03,MEGAsync.exe,TCP,192.168.1.101:62487,66.203.125.28:443,-,ESTABLISHED
2026-03-30 16:21:03,Spotify.exe,TCP,192.168.1.101:59766,104.199.65.9:443,-,ESTABLISHED
2026-03-30 16:21:07,Code.exe,TCP,192.168.1.101:62528,140.82.112.22:443,-,ESTABLISHED
2026-03-30 16:21:07,Code.exe,TCP,192.168.1.101:49985,140.82.112.22:443,-,ESTABLISHED
2026-03-30 16:21:07,Code.exe,TCP,192.168.1.101:62760,140.82.112.22:443,-,ESTABLISHED
2026-03-30 16:21:07,Code.exe,TCP,192.168.1.101:57671,140.82.112.22:443,-,ESTABLISHED
2026-03-30 16:21:07,Code.exe,TCP,192.168.1.101:52069,150.171.110.37:443,-,ESTABLISHED
2026-03-30 16:21:07,Code.exe,TCP,192.168.1.101:53342,150.171.110.37:443,-,ESTABLISHED
2026-03-30 16:21:07,Code.exe,TCP,192.168.1.101:57492,20.189.172.32:443,-,SYN_SENT
2026-03-30 16:21:07,Code.exe,TCP,192.168.1.101:57491,20.189.172.32:443,-,SYN_SENT
2026-03-30 16:21:07,Code.exe,TCP,192.168.1.101:57490,20.189.173.18:443,-,ESTABLISHED
2026-03-30 16:21:17,Code.exe,TCP,192.168.1.101:53342,150.171.110.37:443,-,CLOSE_WAIT
2026-03-30 16:21:17,Code.exe,TCP,192.168.1.101:57493,20.189.173.18:443,-,ESTABLISHED
2026-03-30 16:21:17,Code.exe,TCP,192.168.1.101:53054,20.50.80.210:443,-,ESTABLISHED
2026-03-30 16:21:17,Code.exe,TCP,192.168.1.101:55756,4.228.31.149:443,-,ESTABLISHED
2026-03-30 16:21:17,Code.exe,TCP,192.168.1.101:52276,4.228.31.149:443,-,ESTABLISHED
2026-03-30 16:21:17,Code.exe,TCP,192.168.1.101:61557,4.228.31.149:443,-,CLOSE_WAIT
2026-03-30 16:21:17,Code.exe,TCP,192.168.1.101:62759,4.228.31.153:443,-,ESTABLISHED
2026-03-30 16:21:17,Code.exe,TCP,192.168.1.101:57488,4.228.31.153:443,-,ESTABLISHED
2026-03-30 16:21:26,Code.exe,TCP,192.168.1.101:57488,4.228.31.153:443,-,CLOSE_WAIT
2026-03-30 16:21:30,Code.exe,TCP,192.168.1.101:57671,140.82.112.22:443,-,CLOSE_WAIT
2026-03-30 16:21:40,EXCEL.EXE,TCP,192.168.1.101:56213,20.50.80.210:443,-,ESTABLISHED
2026-03-30 16:21:40,MEGAsync.exe,TCP,192.168.1.101:57498,185.206.25.60:443,-,ESTABLISHED
2026-03-30 16:21:52,Code.exe,TCP,192.168.1.101:57505,13.107.5.93:443,-,ESTABLISHED
2026-03-30 16:22:04,Code.exe,TCP,192.168.1.101:56843,13.89.178.26:443,-,ESTABLISHED
2026-03-30 16:22:04,MEGAsync.exe,TCP,192.168.1.101:57498,185.206.25.60:443,-,ESTABLISHED
2026-03-30 16:22:04,MEGAsync.exe,TCP,192.168.1.101:57504,185.206.25.62:443,-,ESTABLISHED
2026-03-30 16:22:04,MEGAsync.exe,TCP,192.168.1.101:57501,185.206.25.63:443,-,ESTABLISHED
2026-03-30 16:22:04,MEGAsync.exe,TCP,192.168.1.101:54073,185.206.25.64:443,-,ESTABLISHED
2026-03-30 16:22:04,MEGAsync.exe,TCP,192.168.1.101:53203,66.203.125.14:443,-,ESTABLISHED
2026-03-30 16:22:04,MEGAsync.exe,TCP,192.168.1.101:49667,66.203.125.15:443,-,ESTABLISHED
2026-03-30 16:22:04,MEGAsync.exe,TCP,192.168.1.101:62487,66.203.125.28:443,-,ESTABLISHED
2026-03-30 16:22:04,Spotify.exe,TCP,192.168.1.101:59766,104.199.65.9:443,-,ESTABLISHED
2026-03-30 16:22:22,MEGAsync.exe,TCP,192.168.1.101:55860,185.206.25.64:443,-,ESTABLISHED
2026-03-30 16:22:27,MEGAsync.exe,TCP,192.168.1.101:55863,89.44.168.222:443,-,ESTABLISHED
2026-03-30 16:22:45,Code.exe,TCP,192.168.1.101:61974,13.89.178.26:443,-,ESTABLISHED
2026-03-30 16:22:45,Code.exe,TCP,192.168.1.101:50879,13.89.178.26:443,-,ESTABLISHED
2026-03-30 16:22:53,MEGAsync.exe,TCP,192.168.1.101:55863,89.44.168.222:443,-,ESTABLISHED
2026-03-30 16:22:53,MEGAsync.exe,TCP,192.168.1.101:55864,89.44.168.222:443,-,ESTABLISHED
2026-03-30 16:23:07,MEGAsync.exe,TCP,192.168.1.101:60216,185.206.25.65:443,-,ESTABLISHED
2026-03-30 16:23:20,Code.exe,TCP,192.168.1.101:55031,20.44.10.122:443,-,ESTABLISHED
2026-03-30 16:23:20,Code.exe,TCP,192.168.1.101:61855,20.44.10.122:443,-,ESTABLISHED
2026-03-30 16:23:20,Code.exe,TCP,192.168.1.101:55030,40.71.11.167:443,-,ESTABLISHED
2026-03-30 16:23:30,Code.exe,TCP,192.168.1.101:61856,20.44.10.122:443,-,ESTABLISHED
2026-03-30 16:23:30,MEGAsync.exe,TCP,192.168.1.101:58638,185.206.25.60:443,-,ESTABLISHED
2026-03-30 16:23:30,MEGAsync.exe,TCP,192.168.1.101:62487,66.203.125.28:443,-,ESTABLISHED
2026-03-30 16:23:38,Code.exe,TCP,192.168.1.101:58641,52.168.117.169:443,-,ESTABLISHED
2026-03-30 16:23:38,Code.exe,TCP,192.168.1.101:58645,52.168.117.169:443,-,ESTABLISHED
2026-03-30 16:23:42,MEGAsync.exe,TCP,192.168.1.101:62487,66.203.125.28:443,-,ESTABLISHED
2026-03-30 16:23:42,MEGAsync.exe,TCP,192.168.1.101:55863,89.44.168.222:443,-,ESTABLISHED
2026-03-30 16:23:57,Code.exe,TCP,192.168.1.101:49873,20.44.10.122:443,-,ESTABLISHED
2026-03-30 16:24:01,MEGAsync.exe,TCP,192.168.1.101:58534,185.206.25.61:443,-,ESTABLISHED
2026-03-30 16:25:07,Code.exe,TCP,192.168.1.101:58633,104.208.16.95:443,-,SYN_SENT
2026-03-30 16:25:07,Code.exe,TCP,192.168.1.101:57746,104.208.16.95:443,-,SYN_SENT
2026-03-30 16:25:21,Code.exe,TCP,192.168.1.101:57746,104.208.16.95:443,-,ESTABLISHED
2026-03-30 16:25:21,MEGAsync.exe,TCP,192.168.1.101:58635,185.206.25.64:443,-,ESTABLISHED
2026-03-30 16:25:21,Spotify.exe,TCP,192.168.1.101:59766,104.199.65.9:443,-,ESTABLISHED
2026-03-30 16:25:21,Spotify.exe,TCP,192.168.1.101:62170,172.217.192.188:5228,-,ESTABLISHED
2026-03-30 16:25:21,Spotify.exe,TCP,192.168.1.101:50888,35.186.224.38:443,-,ESTABLISHED
2026-03-30 16:25:43,Spotify.exe,TCP,192.168.1.101:59767,35.186.224.38:443,-,ESTABLISHED
2026-03-30 16:25:51,Code.exe,TCP,192.168.1.101:52153,192.168.1.1:53,-,ESTABLISHED
2026-03-30 16:25:51,Code.exe,TCP,192.168.1.101:62463,192.168.1.1:53,-,ESTABLISHED
2026-03-30 16:25:51,Code.exe,TCP,192.168.1.101:50429,192.168.1.1:53,-,ESTABLISHED
2026-03-30 16:25:51,Code.exe,TCP,192.168.1.101:56011,192.168.1.1:53,-,ESTABLISHED
2026-03-30 16:25:51,Code.exe,TCP,192.168.1.101:57805,192.168.1.1:53,-,ESTABLISHED
2026-03-30 16:25:51,Code.exe,TCP,192.168.1.101:59380,192.168.1.1:53,-,ESTABLISHED
2026-03-30 16:25:51,Code.exe,TCP,192.168.1.101:60910,192.168.1.1:53,-,ESTABLISHED
2026-03-30 16:25:51,Code.exe,TCP,fe80::115f:40a9:3a26:70c8:64171,fe80::1:53,-,ESTABLISHED
2026-03-30 16:25:51,Code.exe,TCP,fe80::115f:40a9:3a26:70c8:53661,fe80::1:53,-,ESTABLISHED
2026-03-30 16:25:51,Code.exe,TCP,fe80::115f:40a9:3a26:70c8:64613,fe80::1:53,-,ESTABLISHED
2026-03-30 16:25:55,MEGAsync.exe,TCP,192.168.1.101:62776,185.206.25.60:443,-,ESTABLISHED
2026-03-30 16:25:55,MEGAsync.exe,TCP,192.168.1.101:58534,185.206.25.61:443,-,ESTABLISHED
2026-03-30 16:25:55,MEGAsync.exe,TCP,192.168.1.101:58635,185.206.25.64:443,-,ESTABLISHED
2026-03-30 16:25:55,MEGAsync.exe,TCP,192.168.1.101:60216,185.206.25.65:443,-,ESTABLISHED
2026-03-30 16:25:55,MEGAsync.exe,TCP,192.168.1.101:53203,66.203.125.14:443,-,ESTABLISHED
2026-03-30 16:25:55,MEGAsync.exe,TCP,192.168.1.101:49667,66.203.125.15:443,-,ESTABLISHED
2026-03-30 16:25:55,MEGAsync.exe,TCP,192.168.1.101:62487,66.203.125.28:443,-,ESTABLISHED
2026-03-30 16:25:55,Spotify.exe,TCP,192.168.1.101:59766,104.199.65.9:443,-,ESTABLISHED
2026-03-30 16:25:55,Spotify.exe,TCP,192.168.1.101:62170,172.217.192.188:5228,-,ESTABLISHED
2026-03-30 16:25:55,Spotify.exe,TCP,192.168.1.101:50888,35.186.224.38:443,-,ESTABLISHED
2026-03-30 16:25:55,Spotify.exe,TCP,192.168.1.101:59767,35.186.224.38:443,-,ESTABLISHED
2026-03-30 16:26:05,MEGAsync.exe,TCP,192.168.1.101:62120,185.206.25.62:443,-,ESTABLISHED
2026-03-30 16:26:09,Code.exe,TCP,192.168.1.101:49831,52.182.141.63:443,-,ESTABLISHED
2026-03-30 16:26:09,MEGAsync.exe,TCP,192.168.1.101:65046,185.206.25.63:443,-,ESTABLISHED
2026-03-30 16:26:31,SearchHost.exe,TCP,192.168.1.101:54315,52.97.26.98:443,-,ESTABLISHED
2026-03-30 16:26:35,FileCoAuth.exe,TCP,192.168.1.101:51768,40.126.45.27:443,-,ESTABLISHED
2026-03-30 16:28:23,Spotify.exe,TCP,192.168.1.101:59766,104.199.65.9:443,-,ESTABLISHED
2026-03-30 16:28:38,Spotify.exe,TCP,192.168.1.101:62170,172.217.192.188:5228,-,ESTABLISHED
2026-03-30 16:28:43,Code.exe,TCP,192.168.1.101:56136,104.208.16.88:443,-,ESTABLISHED
2026-03-30 16:28:47,MEGAsync.exe,TCP,192.168.1.101:56138,185.206.25.61:443,-,ESTABLISHED
2026-03-30 16:28:47,Spotify.exe,TCP,192.168.1.101:50888,35.186.224.38:443,-,ESTABLISHED
2026-03-30 16:28:47,Spotify.exe,TCP,192.168.1.101:59767,35.186.224.38:443,-,ESTABLISHED
2026-03-30 16:28:47,WUDFHost.exe,TCP,127.0.0.1:49687,127.0.0.1:49686,-,ESTABLISHED
2026-03-30 16:28:47,WUDFHost.exe,TCP,127.0.0.1:49686,127.0.0.1:49687,-,ESTABLISHED
